loss,accuracy,val_loss,val_accuracy,time,batch_size
15.603251457214355,0.013605441898107529,15.289154052734375,0.018018018454313278,0.0,
3.330627679824829,0.004535147454589605,1.8526949882507324,0.009009009227156639,0.9457919597625732,2.0
2.104133129119873,0.004535147454589605,1.4694898128509521,0.018018018454313278,0.5070533752441406,2.0
1.8844558000564575,0.013605441898107529,1.2922930717468262,0.027027027681469917,0.4386410713195801,2.0
1.7181490659713745,0.03628117963671684,1.2937284708023071,0.0,0.4889364242553711,2.0
1.62297523021698,0.00907029490917921,1.3455601930618286,0.045045044273138046,0.4537348747253418,2.0
1.546636700630188,0.022675737738609314,1.163291335105896,0.009009009227156639,0.5618653297424316,2.0
1.4752782583236694,0.024943310767412186,1.2041999101638794,0.054054055362939835,0.4416544437408447,2.0
1.4325733184814453,0.01814058981835842,1.2037307024002075,0.036036036908626556,0.4890589714050293,2.0
1.3679715394973755,0.022675737738609314,1.0780752897262573,0.027027027681469917,0.5176360607147217,2.0
1.3292821645736694,0.020408162847161293,1.0274146795272827,0.018018018454313278,0.5129506587982178,2.0
1.2599109411239624,0.024943310767412186,1.0703222751617432,0.018018018454313278,0.5362889766693115,2.0
1.2160155773162842,0.02947845868766308,0.9715122580528259,0.009009009227156639,0.5888574123382568,2.0
1.1656666994094849,0.0476190485060215,0.912666380405426,0.009009009227156639,0.5029375553131104,2.0
1.1320387125015259,0.02947845868766308,0.8653496503829956,0.0,0.5699946880340576,2.0
1.077329158782959,0.03401360660791397,0.9384939670562744,0.027027027681469917,0.4586453437805176,2.0
1.0317001342773438,0.040816325694322586,0.7975479960441589,0.018018018454313278,0.4700794219970703,2.0
0.9992015361785889,0.038548752665519714,0.7741903066635132,0.009009009227156639,0.46022629737854004,2.0
0.9322450757026672,0.0634920671582222,0.7232550382614136,0.027027027681469917,0.4517967700958252,2.0
0.8859938979148865,0.03628117963671684,0.709548830986023,0.018018018454313278,0.4838266372680664,2.0
0.8904572129249573,0.04535147547721863,0.6999044418334961,0.045045044273138046,0.45505237579345703,2.0
0.851067304611206,0.054421767592430115,0.6673219799995422,0.036036036908626556,0.434126615524292,2.0
0.8119491338729858,0.027210883796215057,0.7849099636077881,0.009009009227156639,0.503453254699707,2.0
0.8023041486740112,0.07482992857694626,0.6123815774917603,0.027027027681469917,0.45243287086486816,2.0
0.730987012386322,0.06575963646173477,0.5608147978782654,0.027027027681469917,0.5196042060852051,2.0
0.7411276698112488,0.06122449040412903,0.5694146156311035,0.018018018454313278,0.5384676456451416,2.0
0.6951190829277039,0.05215419456362724,0.5202481746673584,0.009009009227156639,0.5199136734008789,2.0
0.6961801648139954,0.056689340621232986,0.6913923025131226,0.018018018454313278,0.5599031448364258,2.0
0.6844528317451477,0.054421767592430115,0.525677502155304,0.027027027681469917,0.529503345489502,2.0
0.6572846174240112,0.06802721321582794,0.48137369751930237,0.018018018454313278,0.5052704811096191,2.0
0.6719322800636292,0.07029478251934052,0.48648425936698914,0.0,0.5069832801818848,2.0
0.621833086013794,0.0476190485060215,0.47322016954421997,0.045045044273138046,0.5291264057159424,2.0
0.6558094620704651,0.04535147547721863,0.5839157104492188,0.027027027681469917,0.655794620513916,2.0
0.6104075908660889,0.06802721321582794,0.458158016204834,0.027027027681469917,0.6677708625793457,2.0
0.6134053468704224,0.05215419456362724,0.4453001320362091,0.027027027681469917,0.6406307220458984,2.0
0.5971732139587402,0.06122449040412903,0.45726197957992554,0.054054055362939835,0.6035351753234863,2.0
0.5978261828422546,0.07482992857694626,0.4608251452445984,0.045045044273138046,0.5934638977050781,2.0
0.5832487940788269,0.06802721321582794,0.4674777686595917,0.054054055362939835,0.5855801105499268,2.0
0.554191529750824,0.07256235927343369,0.45560595393180847,0.027027027681469917,0.5889816284179688,2.0
0.557464063167572,0.06122449040412903,0.42442941665649414,0.027027027681469917,0.6662938594818115,2.0
0.551323652267456,0.054421767592430115,0.4054109752178192,0.018018018454313278,0.6736340522766113,2.0
0.5481351017951965,0.07482992857694626,0.38827016949653625,0.018018018454313278,0.7683467864990234,2.0
0.5603034496307373,0.06575963646173477,0.3956702947616577,0.018018018454313278,0.692051887512207,2.0
0.5406349301338196,0.09297052025794983,0.43031880259513855,0.027027027681469917,0.681243896484375,2.0
0.5422149896621704,0.07029478251934052,0.4044899046421051,0.06306306272745132,0.6543178558349609,2.0
0.5251560807228088,0.0634920671582222,0.3923262655735016,0.07207207381725311,0.5882837772369385,2.0
0.5167050957679749,0.07256235927343369,0.3734411895275116,0.027027027681469917,0.5772476196289062,2.0
0.5305739045143127,0.05895691737532616,0.3879244029521942,0.036036036908626556,0.6290316581726074,2.0
0.5192506909370422,0.08390022814273834,0.37240466475486755,0.027027027681469917,0.5897266864776611,2.0
0.5095389485359192,0.07029478251934052,0.3469439744949341,0.06306306272745132,0.6978292465209961,2.0
0.5059452056884766,0.0793650820851326,0.40121227502822876,0.027027027681469917,0.5869255065917969,2.0
0.5161838531494141,0.06575963646173477,0.3593926727771759,0.036036036908626556,0.5806353092193604,2.0
0.496576189994812,0.07256235927343369,0.34707894921302795,0.0810810774564743,0.5810244083404541,2.0
0.4982885718345642,0.056689340621232986,0.3648131787776947,0.045045044273138046,0.6393749713897705,2.0
0.5064442753791809,0.07029478251934052,0.35709697008132935,0.027027027681469917,0.6449432373046875,2.0
0.49721959233283997,0.08616779744625092,0.3550397753715515,0.009009009227156639,0.7030534744262695,2.0
0.5044246912002563,0.07482992857694626,0.33799293637275696,0.045045044273138046,0.6917710304260254,2.0
0.4772242605686188,0.08616779744625092,0.3302061855792999,0.018018018454313278,0.7577435970306396,2.0
0.4980660080909729,0.095238097012043,0.32128027081489563,0.018018018454313278,0.6287975311279297,2.0
0.48078787326812744,0.06575963646173477,0.32781532406806946,0.045045044273138046,0.5923099517822266,2.0
0.4596313238143921,0.05895691737532616,0.31708285212516785,0.018018018454313278,0.5872588157653809,2.0
0.45718637108802795,0.09070295095443726,0.346101850271225,0.009009009227156639,0.6097803115844727,2.0
0.494571715593338,0.08390022814273834,0.3393090069293976,0.018018018454313278,0.5870866775512695,2.0
0.473514199256897,0.07029478251934052,0.3708955645561218,0.07207207381725311,0.6434922218322754,2.0
0.4553729295730591,0.07482992857694626,0.31289225816726685,0.027027027681469917,0.5835962295532227,2.0
0.4646139442920685,0.07482992857694626,0.3428395986557007,0.009009009227156639,0.6527116298675537,2.0
0.4620034396648407,0.054421767592430115,0.3224393129348755,0.027027027681469917,0.6337969303131104,2.0
0.45458677411079407,0.054421767592430115,0.31751134991645813,0.06306306272745132,0.6360039710998535,2.0
0.4663723409175873,0.08390022814273834,0.31456488370895386,0.054054055362939835,0.6376035213470459,2.0
0.46089980006217957,0.08843537420034409,0.3281216025352478,0.054054055362939835,0.6897196769714355,2.0
0.45463624596595764,0.09070295095443726,0.334323525428772,0.027027027681469917,0.7150180339813232,2.0
0.4464346468448639,0.09070295095443726,0.3314873278141022,0.009009009227156639,0.7207324504852295,2.0
0.45234760642051697,0.054421767592430115,0.29976600408554077,0.036036036908626556,0.7106242179870605,2.0
0.4507099688053131,0.0634920671582222,0.3047255873680115,0.036036036908626556,0.6932413578033447,2.0
0.44261807203292847,0.08163265138864517,0.32759973406791687,0.018018018454313278,0.6256077289581299,2.0
0.4660605192184448,0.0793650820851326,0.3154662549495697,0.054054055362939835,0.603294849395752,2.0
0.44099628925323486,0.09977324306964874,0.29376956820487976,0.0810810774564743,0.6011583805084229,2.0
0.43367403745651245,0.08843537420034409,0.3185226619243622,0.027027027681469917,0.612872838973999,2.0
0.4490291476249695,0.07709750533103943,0.3209053575992584,0.036036036908626556,0.6585330963134766,2.0
0.4409317076206207,0.06122449040412903,0.3062492907047272,0.0810810774564743,0.5924780368804932,2.0
0.4299454391002655,0.0634920671582222,0.3074616491794586,0.027027027681469917,0.6557059288024902,2.0
0.4416503608226776,0.07029478251934052,0.30492979288101196,0.045045044273138046,0.7675411701202393,2.0
0.45387566089630127,0.09070295095443726,0.2992238700389862,0.07207207381725311,0.6854274272918701,2.0
0.43695592880249023,0.08616779744625092,0.31223857402801514,0.009009009227156639,0.6992640495300293,2.0
0.4233313202857971,0.05895691737532616,0.2984064817428589,0.06306306272745132,0.6891829967498779,2.0
0.42229586839675903,0.06575963646173477,0.31994566321372986,0.06306306272745132,0.7137143611907959,2.0
0.4080923795700073,0.04988662153482437,0.3015044331550598,0.045045044273138046,0.722785234451294,2.0
0.44220593571662903,0.05895691737532616,0.27733463048934937,0.018018018454313278,0.6220493316650391,2.0
0.4157407283782959,0.07256235927343369,0.2995443642139435,0.027027027681469917,0.6673119068145752,2.0
0.4302470088005066,0.06122449040412903,0.31397387385368347,0.009009009227156639,0.6078736782073975,2.0
0.4320509433746338,0.08163265138864517,0.28212791681289673,0.009009009227156639,0.6165869235992432,2.0
0.4295838475227356,0.06122449040412903,0.31983932852745056,0.054054055362939835,0.5858814716339111,2.0
0.42486247420310974,0.0634920671582222,0.29978686571121216,0.036036036908626556,0.6010854244232178,2.0
0.4278162717819214,0.06802721321582794,0.30821797251701355,0.009009009227156639,0.6414084434509277,2.0
0.421091228723526,0.08163265138864517,0.2795349359512329,0.045045044273138046,0.6076793670654297,2.0
0.41951921582221985,0.07709750533103943,0.2803395688533783,0.045045044273138046,0.730842113494873,2.0
0.42752519249916077,0.06575963646173477,0.3015032112598419,0.018018018454313278,0.7283318042755127,2.0
0.40945613384246826,0.06802721321582794,0.2959076166152954,0.06306306272745132,0.6969554424285889,2.0
0.39788106083869934,0.06575963646173477,0.2790656089782715,0.027027027681469917,0.7002301216125488,2.0
0.4195712208747864,0.08616779744625092,0.30662307143211365,0.036036036908626556,0.6977870464324951,2.0
0.40682733058929443,0.06802721321582794,0.3050368130207062,0.045045044273138046,0.673316478729248,2.0
0.40586408972740173,0.07256235927343369,0.28996023535728455,0.018018018454313278,0.6421780586242676,2.0
0.4183447062969208,0.054421767592430115,0.36478105187416077,0.06306306272745132,0.6559343338012695,2.0
0.41208353638648987,0.07709750533103943,0.30466851592063904,0.10810811072587967,0.7057106494903564,2.0
0.4084094762802124,0.0476190485060215,0.3168492913246155,0.036036036908626556,0.6286990642547607,2.0
0.40966618061065674,0.054421767592430115,0.2896554172039032,0.0810810774564743,0.6033635139465332,2.0
0.3849717378616333,0.07256235927343369,0.28171175718307495,0.018018018454313278,0.6005518436431885,2.0
0.41045284271240234,0.08390022814273834,0.28702932596206665,0.045045044273138046,0.6144325733184814,2.0
0.41430965065956116,0.06802721321582794,0.2760676145553589,0.045045044273138046,0.6572227478027344,2.0
0.4150635600090027,0.06802721321582794,0.2786923944950104,0.027027027681469917,0.690946102142334,2.0
0.4090028703212738,0.07709750533103943,0.26918280124664307,0.0810810774564743,0.7590103149414062,2.0
0.3985593914985657,0.06802721321582794,0.28162992000579834,0.054054055362939835,0.7209925651550293,2.0
0.39301976561546326,0.0793650820851326,0.27225106954574585,0.045045044273138046,0.6968414783477783,2.0
0.4117887318134308,0.09070295095443726,0.2821268141269684,0.045045044273138046,0.6867234706878662,2.0
0.3913760483264923,0.0634920671582222,0.3082510232925415,0.054054055362939835,0.6384201049804688,2.0
0.3958342373371124,0.07482992857694626,0.34799838066101074,0.045045044273138046,0.5949201583862305,2.0
0.409831166267395,0.07482992857694626,0.2720382809638977,0.045045044273138046,0.6151723861694336,2.0
0.3765895664691925,0.0793650820851326,0.2675167918205261,0.09009008854627609,0.6738870143890381,2.0
0.40134918689727783,0.06575963646173477,0.27346280217170715,0.027027027681469917,0.6411645412445068,2.0
0.3881029784679413,0.10657596588134766,0.26577430963516235,0.045045044273138046,0.6354591846466064,2.0
0.39769619703292847,0.08390022814273834,0.2829326391220093,0.036036036908626556,0.6038157939910889,2.0
0.40235045552253723,0.09297052025794983,0.2752060890197754,0.06306306272745132,0.6281797885894775,2.0
0.40420788526535034,0.08843537420034409,0.28298261761665344,0.027027027681469917,0.6601457595825195,2.0
0.42136335372924805,0.09297052025794983,0.277163565158844,0.027027027681469917,0.7182586193084717,2.0
0.3992828130722046,0.095238097012043,0.29140228033065796,0.06306306272745132,0.7468507289886475,2.0
0.38447025418281555,0.09977324306964874,0.27132102847099304,0.11711711436510086,0.8547818660736084,2.0
0.3933025300502777,0.06802721321582794,0.2944766581058502,0.054054055362939835,0.8535048961639404,2.0
0.40444687008857727,0.07029478251934052,0.31527605652809143,0.045045044273138046,0.7431659698486328,2.0
0.39876624941825867,0.07709750533103943,0.2833821475505829,0.027027027681469917,0.6971371173858643,2.0
0.38436463475227356,0.0793650820851326,0.2551724314689636,0.027027027681469917,0.6480576992034912,2.0
0.3763485550880432,0.09977324306964874,0.2622224688529968,0.027027027681469917,0.8094491958618164,2.0
0.382190078496933,0.08163265138864517,0.2839706838130951,0.054054055362939835,0.7228331565856934,2.0
0.3772411346435547,0.08616779744625092,0.2620149552822113,0.045045044273138046,0.8026647567749023,2.0
0.3748305141925812,0.09297052025794983,0.27806517481803894,0.045045044273138046,0.8132543563842773,2.0
0.378897488117218,0.07709750533103943,0.2655978798866272,0.06306306272745132,0.7334122657775879,2.0
0.3756546080112457,0.08163265138864517,0.2933722138404846,0.045045044273138046,0.8342576026916504,2.0
0.3762191832065582,0.08616779744625092,0.28081125020980835,0.054054055362939835,0.8389036655426025,2.0
0.39226770401000977,0.09750566631555557,0.28807878494262695,0.045045044273138046,0.8450191020965576,2.0
0.3800638020038605,0.08843537420034409,0.2664869427680969,0.045045044273138046,0.9361371994018555,2.0
0.3842148184776306,0.09750566631555557,0.29563233256340027,0.027027027681469917,0.894603967666626,2.0
0.39026904106140137,0.08616779744625092,0.269827276468277,0.027027027681469917,0.73777174949646,2.0
0.3780660331249237,0.09750566631555557,0.2727580666542053,0.06306306272745132,0.7844405174255371,2.0
0.3801598846912384,0.07709750533103943,0.2698059678077698,0.027027027681469917,0.7436325550079346,2.0
0.3672329783439636,0.09070295095443726,0.26887962222099304,0.054054055362939835,0.8495900630950928,2.0
0.3787669241428375,0.0793650820851326,0.2608393728733063,0.09009008854627609,0.8746070861816406,2.0
0.36992865800857544,0.10884353518486023,0.3027174770832062,0.054054055362939835,0.8176164627075195,2.0
0.37008556723594666,0.08616779744625092,0.2668974697589874,0.09009008854627609,0.9915730953216553,2.0
0.375964879989624,0.07482992857694626,0.2829665243625641,0.018018018454313278,0.8592953681945801,2.0
0.36574307084083557,0.09977324306964874,0.2526564300060272,0.06306306272745132,0.8979694843292236,2.0
0.37777429819107056,0.09977324306964874,0.2656305730342865,0.018018018454313278,0.8913612365722656,2.0
0.3697164058685303,0.08843537420034409,0.2875381112098694,0.036036036908626556,0.8873579502105713,2.0
0.384353905916214,0.07709750533103943,0.2590218484401703,0.036036036908626556,0.7377920150756836,2.0
0.3677670359611511,0.08616779744625092,0.2857057452201843,0.036036036908626556,0.8080058097839355,2.0
0.3654409945011139,0.08843537420034409,0.28199708461761475,0.0810810774564743,0.9063827991485596,2.0
0.360849529504776,0.09297052025794983,0.3067507743835449,0.045045044273138046,0.9621181488037109,2.0
0.377736896276474,0.07029478251934052,0.34479767084121704,0.0810810774564743,0.7023584842681885,2.0
0.38042783737182617,0.095238097012043,0.25865304470062256,0.07207207381725311,0.7809855937957764,2.0
0.3526516556739807,0.07256235927343369,0.2637450695037842,0.07207207381725311,0.7925717830657959,2.0
0.36363762617111206,0.08163265138864517,0.2604576647281647,0.11711711436510086,0.8313589096069336,2.0
0.3480254113674164,0.10657596588134766,0.26331380009651184,0.018018018454313278,0.9704372882843018,2.0
0.3743075728416443,0.08390022814273834,0.26115649938583374,0.06306306272745132,0.8382470607757568,2.0
0.36614492535591125,0.09977324306964874,0.24911439418792725,0.027027027681469917,0.8080000877380371,2.0
0.37171417474746704,0.08390022814273834,0.24845047295093536,0.07207207381725311,0.8772115707397461,2.0
0.3667089343070984,0.07709750533103943,0.25393423438072205,0.027027027681469917,0.9065642356872559,2.0
0.37216225266456604,0.07709750533103943,0.3069066107273102,0.06306306272745132,0.7393419742584229,2.0
0.3670332729816437,0.09977324306964874,0.2699485719203949,0.018018018454313278,0.7723062038421631,2.0
0.36220404505729675,0.08616779744625092,0.26776066422462463,0.045045044273138046,0.8284177780151367,2.0
0.35813188552856445,0.07256235927343369,0.26385849714279175,0.036036036908626556,0.8962182998657227,2.0
0.36793676018714905,0.09297052025794983,0.2715245187282562,0.07207207381725311,0.8347516059875488,2.0
0.36217302083969116,0.08616779744625092,0.2608304023742676,0.027027027681469917,0.9219787120819092,2.0
0.36366644501686096,0.08163265138864517,0.2554936707019806,0.036036036908626556,0.8281657695770264,2.0
0.36001431941986084,0.10657596588134766,0.2589954137802124,0.054054055362939835,0.8895394802093506,2.0
0.35748031735420227,0.08390022814273834,0.2751089036464691,0.06306306272745132,0.8256347179412842,2.0
0.3834480345249176,0.09070295095443726,0.30866262316703796,0.045045044273138046,0.6667218208312988,2.0
0.35865673422813416,0.09977324306964874,0.25874102115631104,0.054054055362939835,0.752225399017334,2.0
0.361513614654541,0.08390022814273834,0.24552209675312042,0.06306306272745132,0.8359463214874268,2.0
0.35020992159843445,0.09297052025794983,0.2552173137664795,0.09009008854627609,0.7891871929168701,2.0
0.38137713074684143,0.095238097012043,0.268016517162323,0.027027027681469917,0.7473421096801758,2.0
0.35984644293785095,0.09297052025794983,0.2649726867675781,0.09009008854627609,0.8421645164489746,2.0
0.37862154841423035,0.10884353518486023,0.26157018542289734,0.045045044273138046,0.888416051864624,2.0
0.3818223476409912,0.08843537420034409,0.26107457280158997,0.054054055362939835,0.9045984745025635,2.0
0.3525257110595703,0.09070295095443726,0.27236413955688477,0.036036036908626556,0.9066646099090576,2.0
0.3621312975883484,0.11564625799655914,0.27429690957069397,0.045045044273138046,1.0287516117095947,2.0
0.3662721514701843,0.07029478251934052,0.2473810911178589,0.027027027681469917,0.8092398643493652,2.0
0.356589674949646,0.0793650820851326,0.2880841791629791,0.036036036908626556,0.8050370216369629,2.0
0.3567781448364258,0.06575963646173477,0.25549736618995667,0.036036036908626556,0.7425980567932129,2.0
0.36027851700782776,0.07709750533103943,0.2610030174255371,0.018018018454313278,0.6978840827941895,2.0
0.3634183406829834,0.09297052025794983,0.25792741775512695,0.07207207381725311,0.653916597366333,2.0
0.36982792615890503,0.07709750533103943,0.25478118658065796,0.06306306272745132,0.6179533004760742,2.0
0.3673008382320404,0.07709750533103943,0.2480272352695465,0.06306306272745132,0.6224775314331055,2.0
0.3685495853424072,0.06802721321582794,0.2518741488456726,0.06306306272745132,0.670853853225708,2.0
0.3494337201118469,0.09070295095443726,0.25479263067245483,0.036036036908626556,0.7661113739013672,2.0
0.3382127285003662,0.07029478251934052,0.2532612979412079,0.0810810774564743,0.7028167247772217,2.0
0.3565031886100769,0.08843537420034409,0.3318530321121216,0.07207207381725311,0.8089718818664551,2.0
0.3653509020805359,0.095238097012043,0.2603062093257904,0.045045044273138046,0.857818603515625,2.0
0.35210779309272766,0.07029478251934052,0.29467183351516724,0.09009008854627609,0.6006629467010498,2.0
0.35402798652648926,0.09070295095443726,0.2934378683567047,0.027027027681469917,0.6510319709777832,2.0
0.3589271306991577,0.09297052025794983,0.30173438787460327,0.045045044273138046,0.7244372367858887,2.0
0.35954076051712036,0.08163265138864517,0.2566589415073395,0.054054055362939835,0.8651895523071289,2.0
0.33134663105010986,0.08616779744625092,0.2541694939136505,0.07207207381725311,0.7348935604095459,2.0
0.3469736874103546,0.08390022814273834,0.282511830329895,0.07207207381725311,0.8006768226623535,2.0
0.3577093780040741,0.09297052025794983,0.27039238810539246,0.018018018454313278,0.9381296634674072,2.0
0.34911108016967773,0.08163265138864517,0.2641788721084595,0.027027027681469917,0.9313104152679443,2.0
0.36210596561431885,0.07709750533103943,0.2655640244483948,0.036036036908626556,0.8403406143188477,2.0
0.3450882136821747,0.0793650820851326,0.2448686957359314,0.09909909963607788,0.8222191333770752,2.0
0.35573163628578186,0.09297052025794983,0.2538149058818817,0.07207207381725311,0.9218475818634033,2.0
0.3519258499145508,0.10204081982374191,0.26524823904037476,0.045045044273138046,0.7855536937713623,2.0
0.33021241426467896,0.09750566631555557,0.2873116731643677,0.036036036908626556,0.8260524272918701,2.0
0.3344762623310089,0.09070295095443726,0.27650338411331177,0.054054055362939835,0.8907804489135742,2.0
0.3581070899963379,0.095238097012043,0.24290205538272858,0.036036036908626556,0.9844939708709717,2.0
0.34448111057281494,0.08163265138864517,0.2474614679813385,0.027027027681469917,0.8301122188568115,2.0
0.35513627529144287,0.09297052025794983,0.3024435043334961,0.045045044273138046,0.8481788635253906,2.0
0.34487399458885193,0.0793650820851326,0.26143378019332886,0.045045044273138046,0.9682092666625977,2.0
0.35070937871932983,0.08843537420034409,0.2643134295940399,0.07207207381725311,0.9617273807525635,2.0
0.3508755564689636,0.11564625799655914,0.29944005608558655,0.045045044273138046,0.9165065288543701,2.0
0.3280889093875885,0.095238097012043,0.2776435613632202,0.018018018454313278,1.0277822017669678,2.0
0.32925477623939514,0.09750566631555557,0.2514333426952362,0.054054055362939835,0.939032793045044,2.0
0.35106199979782104,0.1111111119389534,0.27690160274505615,0.07207207381725311,0.9802544116973877,2.0
0.34597858786582947,0.08390022814273834,0.2521888017654419,0.036036036908626556,0.866894006729126,2.0
0.3374271094799042,0.08616779744625092,0.24977871775627136,0.0810810774564743,0.9494116306304932,2.0
0.34787315130233765,0.08163265138864517,0.2518298923969269,0.027027027681469917,0.9537582397460938,2.0
0.34996846318244934,0.09297052025794983,0.2465994507074356,0.0810810774564743,1.0437991619110107,2.0
0.34835296869277954,0.09297052025794983,0.2514493763446808,0.054054055362939835,0.8189640045166016,2.0
0.3230743408203125,0.09750566631555557,0.2872438430786133,0.054054055362939835,0.9105863571166992,2.0
0.3503984808921814,0.07029478251934052,0.23997218906879425,0.06306306272745132,1.0624339580535889,2.0
0.3550907075405121,0.08616779744625092,0.2462140917778015,0.09009008854627609,1.0300383567810059,2.0
0.33966583013534546,0.08616779744625092,0.24493075907230377,0.09009008854627609,0.9270744323730469,2.0
0.35285067558288574,0.09070295095443726,0.28370922803878784,0.036036036908626556,0.8742802143096924,2.0
0.33833470940589905,0.09070295095443726,0.27288395166397095,0.036036036908626556,0.8887655735015869,2.0
0.34526777267456055,0.09297052025794983,0.23966901004314423,0.036036036908626556,0.883866548538208,2.0
0.34123021364212036,0.08163265138864517,0.2523476481437683,0.0810810774564743,0.9073324203491211,2.0
0.3242283761501312,0.095238097012043,0.23939789831638336,0.036036036908626556,0.9832987785339355,2.0
0.33428630232810974,0.08616779744625092,0.24128276109695435,0.045045044273138046,0.834439754486084,2.0
0.31709444522857666,0.08163265138864517,0.24707414209842682,0.09909909963607788,0.7800900936126709,2.0
0.3309434950351715,0.10657596588134766,0.26837125420570374,0.06306306272745132,0.9248178005218506,2.0
0.3373478353023529,0.095238097012043,0.22890879213809967,0.045045044273138046,0.8099086284637451,2.0
0.3374275267124176,0.08616779744625092,0.25907495617866516,0.045045044273138046,0.9124181270599365,2.0
0.34293434023857117,0.09977324306964874,0.24610799551010132,0.045045044273138046,0.8801620006561279,2.0
0.33806124329566956,0.07256235927343369,0.2695910930633545,0.018018018454313278,0.8783295154571533,2.0
0.33897000551223755,0.09297052025794983,0.2653875946998596,0.036036036908626556,0.8533563613891602,2.0
0.34676116704940796,0.10884353518486023,0.2520025670528412,0.036036036908626556,0.7403521537780762,2.0
0.33361881971359253,0.09070295095443726,0.25141024589538574,0.045045044273138046,0.7742669582366943,2.0
0.3450394868850708,0.08843537420034409,0.2482767403125763,0.045045044273138046,0.7373709678649902,2.0
0.35496261715888977,0.08616779744625092,0.2633950114250183,0.0810810774564743,0.8375017642974854,2.0
0.34957677125930786,0.08843537420034409,0.26566678285598755,0.07207207381725311,0.8147673606872559,2.0
0.35424289107322693,0.07029478251934052,0.2556241452693939,0.09009008854627609,0.9112868309020996,2.0
0.3353191912174225,0.08843537420034409,0.23386099934577942,0.045045044273138046,0.7995142936706543,2.0
0.3305453956127167,0.09297052025794983,0.23895739018917084,0.10810811072587967,0.9158651828765869,2.0
0.3252556324005127,0.09070295095443726,0.24248935282230377,0.036036036908626556,0.8224470615386963,2.0
0.3333146870136261,0.09297052025794983,0.23842372000217438,0.036036036908626556,0.8848118782043457,2.0
0.34687745571136475,0.08616779744625092,0.25731712579727173,0.09909909963607788,0.8606526851654053,2.0
0.33177483081817627,0.10657596588134766,0.23667660355567932,0.045045044273138046,0.7215173244476318,2.0
0.34351807832717896,0.09977324306964874,0.2655503451824188,0.036036036908626556,0.6547820568084717,2.0
0.3343929946422577,0.11337868124246597,0.2608100473880768,0.06306306272745132,0.6780250072479248,2.0
0.3390905559062958,0.11791383475065231,0.2327827364206314,0.027027027681469917,0.6289823055267334,2.0
0.3374587297439575,0.11791383475065231,0.2610516846179962,0.045045044273138046,0.6694486141204834,2.0
0.3344043493270874,0.1111111119389534,0.27254536747932434,0.06306306272745132,0.7428128719329834,2.0
0.3319666087627411,0.08843537420034409,0.2345103919506073,0.054054055362939835,0.8451278209686279,2.0
0.34843817353248596,0.09977324306964874,0.23067836463451385,0.0810810774564743,0.7856738567352295,2.0
0.3396235406398773,0.09297052025794983,0.26244473457336426,0.036036036908626556,0.8415639400482178,2.0
0.3186401426792145,0.09297052025794983,0.25281354784965515,0.054054055362939835,0.7584631443023682,2.0
0.326999694108963,0.08163265138864517,0.25259220600128174,0.07207207381725311,0.7234096527099609,2.0
0.33334073424339294,0.08616779744625092,0.2301647961139679,0.027027027681469917,0.7182855606079102,2.0
0.3207029104232788,0.09297052025794983,0.24366948008537292,0.0810810774564743,0.6787140369415283,2.0
0.3328438699245453,0.09750566631555557,0.23140156269073486,0.07207207381725311,0.6392326354980469,2.0
0.3283804655075073,0.09750566631555557,0.23893843591213226,0.054054055362939835,0.6116092205047607,2.0
0.3361832797527313,0.10884353518486023,0.24284033477306366,0.07207207381725311,0.6784696578979492,2.0
0.3252910375595093,0.11337868124246597,0.24748937785625458,0.07207207381725311,0.6120595932006836,2.0
0.31488272547721863,0.08843537420034409,0.24488112330436707,0.09009008854627609,0.6256256103515625,2.0
0.3375343680381775,0.13151927292346954,0.2615413963794708,0.06306306272745132,0.7131900787353516,2.0
0.31004562973976135,0.09750566631555557,0.26589035987854004,0.054054055362939835,0.7477409839630127,2.0
0.3374291658401489,0.11564625799655914,0.25797030329704285,0.054054055362939835,0.7072141170501709,2.0
0.3216973841190338,0.11564625799655914,0.2504512071609497,0.036036036908626556,0.7013487815856934,2.0
0.34556758403778076,0.10430838912725449,0.22951720654964447,0.027027027681469917,0.7388436794281006,2.0
0.322452574968338,0.10430838912725449,0.27055174112319946,0.054054055362939835,0.6564116477966309,2.0
0.3234214186668396,0.09297052025794983,0.2628271281719208,0.09009008854627609,0.6435191631317139,2.0
0.32729372382164,0.12018140405416489,0.24510642886161804,0.036036036908626556,0.6533231735229492,2.0
0.3338640630245209,0.08843537420034409,0.27917996048927307,0.054054055362939835,0.6151723861694336,2.0
0.3422738313674927,0.07482992857694626,0.26070553064346313,0.054054055362939835,0.6523880958557129,2.0
0.30838915705680847,0.09750566631555557,0.2839927077293396,0.045045044273138046,0.572955846786499,2.0
0.3192737400531769,0.10204081982374191,0.2387949675321579,0.09009008854627609,0.6068623065948486,2.0
0.3110645115375519,0.08843537420034409,0.2571338713169098,0.045045044273138046,0.6235299110412598,2.0
0.32810288667678833,0.07709750533103943,0.2418624460697174,0.036036036908626556,0.73453688621521,2.0
0.31311899423599243,0.0793650820851326,0.2403719276189804,0.09009008854627609,0.6841771602630615,2.0
0.3217819035053253,0.08390022814273834,0.29440435767173767,0.045045044273138046,0.770301342010498,2.0
0.3234236240386963,0.095238097012043,0.24531754851341248,0.054054055362939835,0.6572360992431641,2.0
0.3186675012111664,0.10884353518486023,0.24132680892944336,0.054054055362939835,0.7360031604766846,2.0
0.31865471601486206,0.10204081982374191,0.252034068107605,0.054054055362939835,0.700016975402832,2.0
0.3334929347038269,0.09750566631555557,0.26092329621315,0.027027027681469917,0.6965107917785645,2.0
0.3290712237358093,0.10430838912725449,0.24677680432796478,0.054054055362939835,0.679448127746582,2.0
0.33310672640800476,0.09070295095443726,0.23887698352336884,0.045045044273138046,0.5784809589385986,2.0
0.32128220796585083,0.09750566631555557,0.2409650981426239,0.07207207381725311,0.6395106315612793,2.0
0.3187878727912903,0.11337868124246597,0.23912981152534485,0.07207207381725311,0.5719320774078369,2.0
0.315086305141449,0.10430838912725449,0.22909682989120483,0.0810810774564743,0.6822695732116699,2.0
0.3198775053024292,0.10657596588134766,0.23856626451015472,0.09009008854627609,0.603642463684082,2.0
0.3220122754573822,0.08616779744625092,0.28912973403930664,0.0810810774564743,0.5866684913635254,2.0
0.3352440297603607,0.09977324306964874,0.3662879467010498,0.036036036908626556,0.60817551612854,2.0
0.3324773907661438,0.10884353518486023,0.24762752652168274,0.045045044273138046,0.6307463645935059,2.0
0.3158736824989319,0.095238097012043,0.2915249168872833,0.045045044273138046,0.6637797355651855,2.0
0.33486759662628174,0.09070295095443726,0.2172970026731491,0.06306306272745132,0.701524019241333,2.0
0.32063889503479004,0.095238097012043,0.2513978183269501,0.07207207381725311,0.7142329216003418,2.0
0.30945074558258057,0.08843537420034409,0.24343034625053406,0.045045044273138046,0.6880576610565186,2.0
0.31654855608940125,0.09297052025794983,0.2459338754415512,0.054054055362939835,0.6728851795196533,2.0
0.3208002746105194,0.10430838912725449,0.23823341727256775,0.027027027681469917,0.6301681995391846,2.0
0.31678345799446106,0.08843537420034409,0.24871228635311127,0.054054055362939835,0.5850746631622314,2.0
0.32951176166534424,0.10204081982374191,0.25033554434776306,0.054054055362939835,0.6372404098510742,2.0
0.33847931027412415,0.12018140405416489,0.232937291264534,0.0810810774564743,0.5914444923400879,2.0
0.3115445077419281,0.10884353518486023,0.22829203307628632,0.054054055362939835,0.6217074394226074,2.0
0.30943045020103455,0.095238097012043,0.2479734718799591,0.09909909963607788,0.6163063049316406,2.0
0.335527241230011,0.10430838912725449,0.2520861029624939,0.0810810774564743,0.65592360496521,2.0
0.2985609769821167,0.08843537420034409,0.24461773037910461,0.06306306272745132,0.6210720539093018,2.0
0.3278077244758606,0.09297052025794983,0.25456830859184265,0.045045044273138046,0.5936558246612549,2.0
0.30748194456100464,0.10204081982374191,0.24173861742019653,0.12612612545490265,0.6948397159576416,2.0
0.3166329562664032,0.10430838912725449,0.25424161553382874,0.018018018454313278,0.6831083297729492,2.0
0.309884250164032,0.10430838912725449,0.23311686515808105,0.045045044273138046,0.6959221363067627,2.0
0.3145241141319275,0.10430838912725449,0.2585931718349457,0.018018018454313278,0.6944534778594971,2.0
0.3218657374382019,0.095238097012043,0.26101014018058777,0.07207207381725311,0.6864686012268066,2.0
0.33654680848121643,0.0793650820851326,0.2605588138103485,0.06306306272745132,0.7060973644256592,2.0
0.3061145842075348,0.09070295095443726,0.21877257525920868,0.036036036908626556,0.6064722537994385,2.0
0.3101078271865845,0.09750566631555557,0.23007960617542267,0.036036036908626556,0.6433415412902832,2.0
0.31715428829193115,0.10430838912725449,0.2313356101512909,0.07207207381725311,0.6555976867675781,2.0
0.3136441111564636,0.09977324306964874,0.23228533565998077,0.07207207381725311,0.6238846778869629,2.0
0.30854955315589905,0.095238097012043,0.2329266220331192,0.06306306272745132,0.6690115928649902,2.0
0.30847659707069397,0.12018140405416489,0.234359472990036,0.027027027681469917,0.6005339622497559,2.0
0.31714728474617004,0.09070295095443726,0.25415220856666565,0.0810810774564743,0.6525688171386719,2.0
0.31208565831184387,0.10884353518486023,0.24010178446769714,0.0810810774564743,0.6658110618591309,2.0
0.3043363392353058,0.10204081982374191,0.2419445812702179,0.09009008854627609,0.7257204055786133,2.0
0.3162388801574707,0.10430838912725449,0.23333406448364258,0.036036036908626556,0.6983556747436523,2.0
0.32112061977386475,0.095238097012043,0.23541975021362305,0.09909909963607788,0.709057092666626,2.0
0.3123246729373932,0.09750566631555557,0.23096996545791626,0.054054055362939835,0.7696712017059326,2.0
0.31759828329086304,0.10657596588134766,0.2339654564857483,0.036036036908626556,0.6644268035888672,2.0
0.32887697219848633,0.1111111119389534,0.2553271949291229,0.054054055362939835,0.7024059295654297,2.0
0.2906326949596405,0.08390022814273834,0.2597878873348236,0.07207207381725311,0.685309648513794,2.0
0.32237961888313293,0.08843537420034409,0.2269638329744339,0.09009008854627609,0.6217820644378662,2.0
0.30302900075912476,0.09977324306964874,0.22554008662700653,0.07207207381725311,0.5999908447265625,2.0
0.334358811378479,0.10657596588134766,0.24938909709453583,0.06306306272745132,0.666985273361206,2.0
0.31214195489883423,0.09750566631555557,0.23195606470108032,0.054054055362939835,0.6056034564971924,2.0
0.3071250319480896,0.11337868124246597,0.2560654878616333,0.054054055362939835,0.6843578815460205,2.0
0.3051992356777191,0.08843537420034409,0.23528960347175598,0.027027027681469917,0.6856310367584229,2.0
0.30911439657211304,0.08843537420034409,0.23717674612998962,0.036036036908626556,0.7357308864593506,2.0
0.31079384684562683,0.10430838912725449,0.27795732021331787,0.07207207381725311,0.6898658275604248,2.0
0.30787917971611023,0.08843537420034409,0.2348167598247528,0.054054055362939835,0.7683486938476562,2.0
0.3101538419723511,0.09750566631555557,0.2538090646266937,0.07207207381725311,0.7063562870025635,2.0
0.3128069341182709,0.09750566631555557,0.21335923671722412,0.09009008854627609,0.6816859245300293,2.0
0.2955223321914673,0.09977324306964874,0.24219688773155212,0.07207207381725311,0.7780454158782959,2.0
0.32759585976600647,0.1111111119389534,0.21098247170448303,0.045045044273138046,0.5985667705535889,2.0
0.30319902300834656,0.10204081982374191,0.22418905794620514,0.045045044273138046,0.6238837242126465,2.0
0.31013357639312744,0.09297052025794983,0.22022727131843567,0.036036036908626556,0.6639931201934814,2.0
0.30998581647872925,0.11564625799655914,0.23300693929195404,0.09009008854627609,0.595829963684082,2.0
0.31065359711647034,0.09750566631555557,0.2627788484096527,0.10810811072587967,0.5972518920898438,2.0
0.3058258593082428,0.12018140405416489,0.22817592322826385,0.045045044273138046,0.6003291606903076,2.0
0.32437658309936523,0.0793650820851326,0.21959766745567322,0.07207207381725311,0.7004573345184326,2.0
0.31591472029685974,0.10204081982374191,0.21075551211833954,0.09009008854627609,0.6933386325836182,2.0
0.31172987818717957,0.095238097012043,0.21393942832946777,0.054054055362939835,0.9768028259277344,2.0
0.3259563446044922,0.10657596588134766,0.2164105474948883,0.0810810774564743,0.7083418369293213,2.0
0.2880244553089142,0.09750566631555557,0.21267329156398773,0.027027027681469917,0.695871114730835,2.0
0.29949572682380676,0.08390022814273834,0.23672011494636536,0.027027027681469917,0.758857011795044,2.0
0.3032296597957611,0.10884353518486023,0.2137235850095749,0.09009008854627609,0.719555139541626,2.0
0.30135709047317505,0.09297052025794983,0.2311919927597046,0.045045044273138046,0.7038247585296631,2.0
0.3009943962097168,0.10657596588134766,0.2296425700187683,0.09009008854627609,0.6732351779937744,2.0
0.31236210465431213,0.11564625799655914,0.22888389229774475,0.09009008854627609,0.784184455871582,2.0
0.29477429389953613,0.1111111119389534,0.2113250344991684,0.07207207381725311,0.824061393737793,2.0
0.3072105646133423,0.11337868124246597,0.2579967975616455,0.054054055362939835,0.8867461681365967,2.0
0.29825520515441895,0.09297052025794983,0.21551184356212616,0.054054055362939835,0.7872369289398193,2.0
0.30544865131378174,0.09297052025794983,0.2199510782957077,0.07207207381725311,0.9044928550720215,2.0
0.3191958963871002,0.08163265138864517,0.23064924776554108,0.06306306272745132,0.9222311973571777,2.0
0.3047032654285431,0.09070295095443726,0.22257298231124878,0.054054055362939835,0.8390846252441406,2.0
0.3193475902080536,0.09977324306964874,0.23338468372821808,0.045045044273138046,0.8413166999816895,2.0
0.3007879853248596,0.09297052025794983,0.2160370945930481,0.054054055362939835,0.774467945098877,2.0
0.3158685863018036,0.10884353518486023,0.2611697316169739,0.045045044273138046,0.6722195148468018,2.0
0.3042815327644348,0.10657596588134766,0.22766898572444916,0.06306306272745132,0.6356368064880371,2.0
0.30324041843414307,0.08843537420034409,0.2647399604320526,0.027027027681469917,0.7282586097717285,2.0
0.3148308992385864,0.10430838912725449,0.2332150936126709,0.0810810774564743,0.5861389636993408,2.0
0.30211499333381653,0.10884353518486023,0.25501835346221924,0.07207207381725311,0.5934913158416748,2.0
0.3018191456794739,0.09750566631555557,0.24389071762561798,0.054054055362939835,0.5687339305877686,2.0
0.30549919605255127,0.10657596588134766,0.23923926055431366,0.09009008854627609,0.604637622833252,2.0
0.3072757124900818,0.095238097012043,0.21929126977920532,0.0810810774564743,0.6273338794708252,2.0
0.2818950414657593,0.11791383475065231,0.22303472459316254,0.06306306272745132,0.6041762828826904,2.0
0.30817049741744995,0.09070295095443726,0.21948479115962982,0.027027027681469917,0.8267159461975098,2.0
0.29511332511901855,0.09070295095443726,0.2136346995830536,0.06306306272745132,0.7622220516204834,2.0
0.311763733625412,0.11564625799655914,0.24870774149894714,0.027027027681469917,0.6690864562988281,2.0
0.31502285599708557,0.12018140405416489,0.21870897710323334,0.0810810774564743,0.676131010055542,2.0
0.2990192174911499,0.09977324306964874,0.21675370633602142,0.036036036908626556,0.6860191822052002,2.0
0.2838175296783447,0.09297052025794983,0.23457087576389313,0.0810810774564743,0.6015005111694336,2.0
0.2968239188194275,0.12018140405416489,0.21317137777805328,0.07207207381725311,0.570765495300293,2.0
0.3042750954627991,0.11791383475065231,0.2149035930633545,0.0810810774564743,0.6125020980834961,2.0
0.3056431710720062,0.11564625799655914,0.22310960292816162,0.0810810774564743,0.7481253147125244,2.0
0.289201021194458,0.095238097012043,0.23697401583194733,0.07207207381725311,0.7570638656616211,2.0
0.30819612741470337,0.09977324306964874,0.2303072065114975,0.0810810774564743,0.7640581130981445,2.0
0.28679320216178894,0.11564625799655914,0.24868246912956238,0.0810810774564743,0.7158935070037842,2.0
0.29881006479263306,0.10657596588134766,0.22557710111141205,0.06306306272745132,0.6913297176361084,2.0
0.29511573910713196,0.09977324306964874,0.21841585636138916,0.045045044273138046,0.773665189743042,2.0
0.30159950256347656,0.095238097012043,0.23282477259635925,0.045045044273138046,0.84928297996521,2.0
0.3051607012748718,0.11337868124246597,0.2147522270679474,0.06306306272745132,0.8201971054077148,2.0
0.3052865266799927,0.10204081982374191,0.2277069389820099,0.07207207381725311,0.7716302871704102,2.0
0.29997506737709045,0.10884353518486023,0.22432996332645416,0.0810810774564743,0.7243456840515137,2.0
0.2904398739337921,0.12244898080825806,0.22986988723278046,0.07207207381725311,0.7723002433776855,2.0
0.29212474822998047,0.11564625799655914,0.2352219820022583,0.07207207381725311,0.8124003410339355,2.0
0.3013100028038025,0.11564625799655914,0.23945164680480957,0.045045044273138046,0.741905927658081,2.0
0.29249340295791626,0.10657596588134766,0.23060384392738342,0.09009008854627609,0.7374780178070068,2.0
0.3042486011981964,0.10657596588134766,0.22562453150749207,0.07207207381725311,0.7456178665161133,2.0
0.29223915934562683,0.09750566631555557,0.2908506989479065,0.09009008854627609,0.7511253356933594,2.0
0.2931019961833954,0.09070295095443726,0.2449030876159668,0.0810810774564743,0.5518462657928467,2.0
0.30755993723869324,0.11337868124246597,0.22331365942955017,0.09009008854627609,0.7397670745849609,2.0
0.29707470536231995,0.095238097012043,0.25603219866752625,0.07207207381725311,0.7112181186676025,2.0
0.2940205931663513,0.10430838912725449,0.22189946472644806,0.07207207381725311,0.6425881385803223,2.0
0.2885519564151764,0.10884353518486023,0.2313971370458603,0.036036036908626556,0.6252989768981934,2.0
0.30241668224334717,0.10204081982374191,0.250924289226532,0.027027027681469917,0.5994954109191895,2.0
0.2991178035736084,0.09297052025794983,0.22589616477489471,0.0810810774564743,0.60837721824646,2.0
0.2990948259830475,0.12244898080825806,0.23436298966407776,0.018018018454313278,0.5389938354492188,2.0
0.2984309494495392,0.1111111119389534,0.22387416660785675,0.07207207381725311,0.46532130241394043,2.0
0.2913489043712616,0.09297052025794983,0.23041541874408722,0.07207207381725311,0.47353315353393555,2.0
0.2976287603378296,0.10204081982374191,0.2218039631843567,0.045045044273138046,0.5097806453704834,2.0
0.29628416895866394,0.11337868124246597,0.21960489451885223,0.036036036908626556,0.5129220485687256,2.0
0.31285789608955383,0.07256235927343369,0.25241655111312866,0.045045044273138046,0.5480961799621582,2.0
0.30461570620536804,0.10657596588134766,0.241318017244339,0.027027027681469917,0.5680246353149414,2.0
0.30775079131126404,0.10204081982374191,0.2303469330072403,0.045045044273138046,0.5145723819732666,2.0
0.3052375912666321,0.10884353518486023,0.21250700950622559,0.07207207381725311,0.705549955368042,2.0
0.291077584028244,0.10884353518486023,0.221373051404953,0.054054055362939835,0.762253999710083,2.0
0.29307055473327637,0.10657596588134766,0.22170774638652802,0.045045044273138046,0.7679483890533447,2.0
0.29636332392692566,0.10884353518486023,0.27503764629364014,0.036036036908626556,0.6887035369873047,2.0
0.29684096574783325,0.10204081982374191,0.23927412927150726,0.09009008854627609,0.694373369216919,2.0
0.30667445063591003,0.095238097012043,0.26478680968284607,0.06306306272745132,0.6849753856658936,2.0
0.3023219108581543,0.095238097012043,0.21476994454860687,0.027027027681469917,0.6138615608215332,2.0
0.27890169620513916,0.09977324306964874,0.21957983076572418,0.07207207381725311,0.6745758056640625,2.0
0.30315452814102173,0.13832199573516846,0.22004275023937225,0.036036036908626556,0.6436316967010498,2.0
0.289233535528183,0.11564625799655914,0.22635406255722046,0.09009008854627609,0.7359006404876709,2.0
0.29622408747673035,0.10657596588134766,0.21835224330425262,0.06306306272745132,0.6269271373748779,2.0
0.2922208905220032,0.095238097012043,0.2229936122894287,0.027027027681469917,0.7613875865936279,2.0
0.30790576338768005,0.12018140405416489,0.24358083307743073,0.0810810774564743,0.7216236591339111,2.0
0.2803303003311157,0.10884353518486023,0.2251191884279251,0.0810810774564743,0.7138192653656006,2.0
0.28790372610092163,0.095238097012043,0.21622243523597717,0.06306306272745132,0.7276327610015869,2.0
0.29576021432876587,0.10884353518486023,0.2898271381855011,0.09909909963607788,0.7660901546478271,2.0
0.285823255777359,0.10884353518486023,0.21367289125919342,0.0810810774564743,0.6630337238311768,2.0
0.28498604893684387,0.11564625799655914,0.24312186241149902,0.09009008854627609,0.599886417388916,2.0
0.28644147515296936,0.11337868124246597,0.23984019458293915,0.054054055362939835,0.6198315620422363,2.0
0.29347360134124756,0.10204081982374191,0.2431069165468216,0.09909909963607788,0.616584062576294,2.0
0.29485026001930237,0.12018140405416489,0.2592986226081848,0.054054055362939835,0.7003626823425293,2.0
0.295961856842041,0.09977324306964874,0.22351917624473572,0.027027027681469917,0.6313228607177734,2.0
0.29034459590911865,0.1111111119389534,0.23703835904598236,0.06306306272745132,0.7098848819732666,2.0
0.28842347860336304,0.1111111119389534,0.2290923297405243,0.06306306272745132,0.6376855373382568,2.0
0.2981257438659668,0.1111111119389534,0.23160676658153534,0.045045044273138046,0.6979541778564453,2.0
0.29641810059547424,0.10430838912725449,0.21417205035686493,0.07207207381725311,0.6918010711669922,2.0
0.29093480110168457,0.09750566631555557,0.20620164275169373,0.036036036908626556,0.7138378620147705,2.0
0.28263384103775024,0.08843537420034409,0.24962569773197174,0.06306306272745132,0.7496309280395508,2.0
0.3028864562511444,0.12018140405416489,0.25015392899513245,0.09909909963607788,0.7645277976989746,2.0
0.29705601930618286,0.12471655011177063,0.23103855550289154,0.06306306272745132,0.701343297958374,2.0
0.28511694073677063,0.1111111119389534,0.22573772072792053,0.0810810774564743,0.6418197154998779,2.0
0.2969309091567993,0.11337868124246597,0.21863332390785217,0.0810810774564743,0.6021947860717773,2.0
0.28320321440696716,0.11337868124246597,0.21806493401527405,0.09009008854627609,0.6206812858581543,2.0
0.2915782630443573,0.10884353518486023,0.24390429258346558,0.07207207381725311,0.6404290199279785,2.0
0.29486775398254395,0.09750566631555557,0.2314702272415161,0.07207207381725311,0.636498212814331,2.0
0.28592345118522644,0.1111111119389534,0.21029266715049744,0.07207207381725311,0.6234133243560791,2.0
0.2885473370552063,0.10884353518486023,0.22333809733390808,0.06306306272745132,0.6508681774139404,2.0
0.28631138801574707,0.09977324306964874,0.21981863677501678,0.0810810774564743,0.663163423538208,2.0
0.2823197841644287,0.09750566631555557,0.23983390629291534,0.06306306272745132,0.7045981884002686,2.0
0.28787216544151306,0.09297052025794983,0.22441013157367706,0.0810810774564743,0.6928660869598389,2.0
0.2954857647418976,0.10884353518486023,0.2384091317653656,0.0810810774564743,0.6959793567657471,2.0
0.29128217697143555,0.10204081982374191,0.22038955986499786,0.036036036908626556,0.7392289638519287,2.0
0.30156639218330383,0.10657596588134766,0.21100501716136932,0.07207207381725311,0.7683837413787842,2.0
0.2987276315689087,0.10204081982374191,0.22978101670742035,0.0810810774564743,0.685539722442627,2.0
0.2898481786251068,0.12471655011177063,0.20943965017795563,0.07207207381725311,0.6363115310668945,2.0
0.28514114022254944,0.1111111119389534,0.23179937899112701,0.09909909963607788,0.5930192470550537,2.0
0.2897098660469055,0.11337868124246597,0.21850980818271637,0.054054055362939835,0.6279475688934326,2.0
0.28892579674720764,0.09750566631555557,0.23334380984306335,0.045045044273138046,0.6229763031005859,2.0
0.2934735119342804,0.09750566631555557,0.22091978788375854,0.07207207381725311,0.5819759368896484,2.0
0.2933891713619232,0.12244898080825806,0.2248138189315796,0.009009009227156639,0.6007957458496094,2.0
0.285599946975708,0.11791383475065231,0.21177035570144653,0.036036036908626556,0.6029281616210938,2.0
0.29158657789230347,0.10657596588134766,0.22530655562877655,0.09009008854627609,0.6294705867767334,2.0
0.28738921880722046,0.1111111119389534,0.21604794263839722,0.045045044273138046,0.6800782680511475,2.0
0.3034360408782959,0.13378684222698212,0.2531934380531311,0.027027027681469917,0.6417038440704346,2.0
0.2830585837364197,0.09750566631555557,0.2115446925163269,0.07207207381725311,0.6565349102020264,2.0
0.29357436299324036,0.1111111119389534,0.20936834812164307,0.0810810774564743,0.7083110809326172,2.0
0.28109484910964966,0.09977324306964874,0.21468691527843475,0.027027027681469917,0.6901936531066895,2.0
0.31475916504859924,0.10430838912725449,0.22095593810081482,0.054054055362939835,0.7054321765899658,2.0
0.27654334902763367,0.11791383475065231,0.22561410069465637,0.054054055362939835,0.5905096530914307,2.0
0.2828376293182373,0.10657596588134766,0.21818852424621582,0.0810810774564743,0.6259257793426514,2.0
0.2746506929397583,0.11564625799655914,0.2213209867477417,0.09009008854627609,0.6345407962799072,2.0
0.28958752751350403,0.09750566631555557,0.23685772716999054,0.07207207381725311,0.5775575637817383,2.0
0.27353325486183167,0.1111111119389534,0.2315336912870407,0.06306306272745132,0.574305534362793,2.0
0.2929108142852783,0.13151927292346954,0.2218492180109024,0.018018018454313278,0.5770514011383057,2.0
0.274402916431427,0.10430838912725449,0.25138840079307556,0.0810810774564743,0.5818932056427002,2.0
0.2944924831390381,0.1269841343164444,0.2329563945531845,0.09009008854627609,0.6629173755645752,2.0
0.29274284839630127,0.1111111119389534,0.23575463891029358,0.06306306272745132,0.6389319896697998,2.0
0.3111903667449951,0.11564625799655914,0.23195163905620575,0.09009008854627609,0.6906027793884277,2.0
0.2843995988368988,0.1111111119389534,0.24488474428653717,0.09009008854627609,0.6596269607543945,2.0
0.27737537026405334,0.11791383475065231,0.20936094224452972,0.054054055362939835,0.6661386489868164,2.0
0.2798786163330078,0.10884353518486023,0.206717848777771,0.06306306272745132,0.7138586044311523,2.0
0.2834293842315674,0.11337868124246597,0.24969010055065155,0.07207207381725311,0.6444118022918701,2.0
0.2910993993282318,0.11564625799655914,0.2135229855775833,0.054054055362939835,0.6222362518310547,2.0
0.29255229234695435,0.12018140405416489,0.2207719385623932,0.09009008854627609,0.6192965507507324,2.0
0.2936233878135681,0.11564625799655914,0.24534934759140015,0.018018018454313278,0.6441197395324707,2.0
0.2858356237411499,0.11564625799655914,0.21591825783252716,0.009009009227156639,0.632244348526001,2.0
0.27983853220939636,0.09297052025794983,0.21165578067302704,0.0810810774564743,0.6107938289642334,2.0
0.2836751639842987,0.12925170361995697,0.2171921581029892,0.07207207381725311,0.5736491680145264,2.0
0.2871215343475342,0.11791383475065231,0.22424913942813873,0.10810811072587967,0.6051554679870605,2.0
0.27989232540130615,0.11337868124246597,0.21714919805526733,0.09909909963607788,0.6240637302398682,2.0
0.2805666923522949,0.10430838912725449,0.22359833121299744,0.07207207381725311,0.6314938068389893,2.0
0.29258427023887634,0.12018140405416489,0.23510584235191345,0.07207207381725311,0.6890144348144531,2.0
0.29041486978530884,0.11791383475065231,0.20656424760818481,0.0810810774564743,0.6504700183868408,2.0
0.2711373269557953,0.1111111119389534,0.21705962717533112,0.045045044273138046,0.7748475074768066,2.0
0.2686653137207031,0.12244898080825806,0.2160661816596985,0.09009008854627609,0.6930630207061768,2.0
0.27625659108161926,0.095238097012043,0.20412839949131012,0.054054055362939835,0.6598453521728516,2.0
0.2811732590198517,0.10884353518486023,0.21338613331317902,0.09009008854627609,0.6318576335906982,2.0
0.3011195659637451,0.11564625799655914,0.24950473010540009,0.054054055362939835,0.5978600978851318,2.0
0.2871103882789612,0.09750566631555557,0.22912649810314178,0.054054055362939835,0.7763419151306152,2.0
0.27348214387893677,0.10430838912725449,0.2027190625667572,0.036036036908626556,0.6485583782196045,2.0
0.2817077338695526,0.10884353518486023,0.21383030712604523,0.054054055362939835,0.6306414604187012,2.0
0.276888906955719,0.09977324306964874,0.20411919057369232,0.06306306272745132,0.6078627109527588,2.0
0.29374948143959045,0.11564625799655914,0.2546324133872986,0.054054055362939835,0.6857569217681885,2.0
0.28529900312423706,0.10430838912725449,0.21813564002513885,0.07207207381725311,0.6286542415618896,2.0
0.2864066958427429,0.11337868124246597,0.21318067610263824,0.06306306272745132,0.8079726696014404,2.0
0.2999778985977173,0.13151927292346954,0.2116764485836029,0.045045044273138046,0.8839797973632812,2.0
0.2771609127521515,0.10657596588134766,0.22198349237442017,0.09009008854627609,0.9107515811920166,2.0
0.2957290709018707,0.12244898080825806,0.22327330708503723,0.045045044273138046,0.8647603988647461,2.0
0.27049532532691956,0.10657596588134766,0.23469609022140503,0.07207207381725311,0.8330891132354736,2.0
0.2700287103652954,0.10884353518486023,0.20510877668857574,0.07207207381725311,0.847306489944458,2.0
0.2856138348579407,0.10430838912725449,0.20438748598098755,0.0810810774564743,0.7631103992462158,2.0
0.27654731273651123,0.1111111119389534,0.20886018872261047,0.018018018454313278,0.8011586666107178,2.0
0.27725064754486084,0.1111111119389534,0.21401266753673553,0.054054055362939835,0.7636077404022217,2.0
0.27055299282073975,0.10884353518486023,0.20479221642017365,0.09009008854627609,0.8537237644195557,2.0
0.2877415120601654,0.09977324306964874,0.21938195824623108,0.09909909963607788,0.7835807800292969,2.0
0.2868908941745758,0.12244898080825806,0.2118040919303894,0.054054055362939835,0.8686907291412354,2.0
0.28645771741867065,0.10884353518486023,0.22195713222026825,0.07207207381725311,0.838820219039917,2.0
0.29170963168144226,0.11564625799655914,0.20414407551288605,0.0810810774564743,0.8770766258239746,2.0
0.2812490165233612,0.12018140405416489,0.2429468035697937,0.06306306272745132,0.86704421043396,2.0
0.27259528636932373,0.12018140405416489,0.21264077723026276,0.07207207381725311,0.8049280643463135,2.0
0.2792952060699463,0.10884353518486023,0.21088577806949615,0.09009008854627609,0.7944796085357666,2.0
0.2647968828678131,0.10657596588134766,0.23062944412231445,0.09009008854627609,0.7908837795257568,2.0
0.27093154191970825,0.10657596588134766,0.22443903982639313,0.09009008854627609,0.8254604339599609,2.0
0.28653469681739807,0.11791383475065231,0.20753252506256104,0.09009008854627609,0.7449674606323242,2.0
0.2813876271247864,0.10204081982374191,0.23078270256519318,0.054054055362939835,0.7944669723510742,2.0
0.2764708399772644,0.12244898080825806,0.21166865527629852,0.0810810774564743,0.7698633670806885,2.0
0.2762831449508667,0.13605442643165588,0.2090640515089035,0.0810810774564743,0.9389297962188721,2.0
0.2819342613220215,0.11564625799655914,0.23099394142627716,0.09009008854627609,0.8733980655670166,2.0
0.2916261851787567,0.08843537420034409,0.2037513554096222,0.045045044273138046,1.0881621837615967,2.0
0.27246546745300293,0.13378684222698212,0.2055489718914032,0.0810810774564743,0.982546329498291,2.0
0.27009135484695435,0.1111111119389534,0.2202499508857727,0.07207207381725311,0.891707181930542,2.0
0.27435970306396484,0.1269841343164444,0.21580354869365692,0.054054055362939835,0.8588747978210449,2.0
0.27274075150489807,0.10884353518486023,0.2135201394557953,0.054054055362939835,0.8302266597747803,2.0
0.2699514627456665,0.1111111119389534,0.2393505871295929,0.036036036908626556,0.6384694576263428,2.0
0.27162206172943115,0.08616779744625092,0.2289162129163742,0.054054055362939835,0.6796305179595947,2.0
0.29758214950561523,0.12244898080825806,0.22083783149719238,0.027027027681469917,0.7819151878356934,2.0
0.2639617323875427,0.10657596588134766,0.22267797589302063,0.09009008854627609,0.6721417903900146,2.0
0.3033270835876465,0.10657596588134766,0.20452237129211426,0.09009008854627609,0.7494099140167236,2.0
0.27684444189071655,0.1111111119389534,0.21979698538780212,0.054054055362939835,0.7133879661560059,2.0
0.2759714722633362,0.11337868124246597,0.21653401851654053,0.06306306272745132,0.7636902332305908,2.0
0.28190094232559204,0.10657596588134766,0.21675096452236176,0.09909909963607788,0.7397360801696777,2.0
0.2816583514213562,0.13151927292346954,0.2639569342136383,0.054054055362939835,0.7815792560577393,2.0
0.2948753833770752,0.09297052025794983,0.22761714458465576,0.06306306272745132,0.735832691192627,2.0
0.2783999741077423,0.12244898080825806,0.2567163109779358,0.054054055362939835,0.7334930896759033,2.0
0.26929429173469543,0.12018140405416489,0.2198358178138733,0.09009008854627609,0.8405721187591553,2.0
0.27883926033973694,0.09977324306964874,0.21418680250644684,0.045045044273138046,0.8053596019744873,2.0
0.27928102016448975,0.09070295095443726,0.24464312195777893,0.11711711436510086,0.8353610038757324,2.0
0.2640869915485382,0.1269841343164444,0.20145101845264435,0.045045044273138046,0.8202521800994873,2.0
0.2729420065879822,0.09070295095443726,0.21243737637996674,0.07207207381725311,0.8358900547027588,2.0
0.2811777591705322,0.12471655011177063,0.2236230969429016,0.0810810774564743,0.9455115795135498,2.0
0.2834571897983551,0.09070295095443726,0.2218625396490097,0.09909909963607788,0.931004524230957,2.0
0.2723614573478699,0.09977324306964874,0.23190760612487793,0.09009008854627609,0.8022100925445557,2.0
0.2815950810909271,0.12244898080825806,0.2250581830739975,0.09009008854627609,0.7073974609375,2.0
0.27033331990242004,0.09977324306964874,0.2024812549352646,0.09909909963607788,0.6621527671813965,2.0
0.26428380608558655,0.09297052025794983,0.21070395410060883,0.06306306272745132,0.7215251922607422,2.0
0.2714872658252716,0.11791383475065231,0.20850828289985657,0.054054055362939835,0.7106287479400635,2.0
0.28009364008903503,0.09297052025794983,0.21186718344688416,0.09909909963607788,0.892707347869873,2.0
0.2740861475467682,0.12018140405416489,0.22044523060321808,0.0810810774564743,0.8025076389312744,2.0
0.29500970244407654,0.12018140405416489,0.23328401148319244,0.07207207381725311,0.7064094543457031,2.0
0.27781975269317627,0.09297052025794983,0.22080793976783752,0.07207207381725311,0.7985990047454834,2.0
0.2729127109050751,0.11791383475065231,0.2156311720609665,0.09909909963607788,0.8257501125335693,2.0
0.27400076389312744,0.11791383475065231,0.20802076160907745,0.09009008854627609,0.8297019004821777,2.0
0.27809596061706543,0.08390022814273834,0.21636998653411865,0.06306306272745132,0.6951532363891602,2.0
0.2885364592075348,0.10204081982374191,0.2172204554080963,0.0810810774564743,0.690457820892334,2.0
0.2791340947151184,0.12925170361995697,0.2457260936498642,0.09009008854627609,0.772000789642334,2.0
0.28227606415748596,0.1111111119389534,0.21093571186065674,0.07207207381725311,0.7128074169158936,2.0
0.2667168080806732,0.09750566631555557,0.2025647908449173,0.09009008854627609,0.6840243339538574,2.0
0.2766232192516327,0.11337868124246597,0.20341140031814575,0.06306306272745132,0.7681100368499756,2.0
0.2796732783317566,0.11337868124246597,0.25310003757476807,0.09909909963607788,0.6338775157928467,2.0
0.28900980949401855,0.12471655011177063,0.20913012325763702,0.07207207381725311,0.750495195388794,2.0
0.27442124485969543,0.10657596588134766,0.21550630033016205,0.10810811072587967,0.6510732173919678,2.0
0.2795764207839966,0.14058956503868103,0.26273980736732483,0.06306306272745132,0.6434667110443115,2.0
0.2863868772983551,0.11337868124246597,0.21193435788154602,0.06306306272745132,0.6727542877197266,2.0
0.2648869752883911,0.12925170361995697,0.20301540195941925,0.09009008854627609,0.621284008026123,2.0
0.2969067692756653,0.13151927292346954,0.2140277475118637,0.0810810774564743,0.6613192558288574,2.0
0.2782335579395294,0.13151927292346954,0.23134078085422516,0.07207207381725311,0.8071417808532715,2.0
0.26582804322242737,0.11564625799655914,0.2439141720533371,0.06306306272745132,0.7537868022918701,2.0
0.27458974719047546,0.12244898080825806,0.24064801633358002,0.07207207381725311,0.7436840534210205,2.0
0.2767566740512848,0.1269841343164444,0.2107696235179901,0.07207207381725311,0.7564983367919922,2.0
0.2862899601459503,0.11791383475065231,0.24541157484054565,0.07207207381725311,0.7253053188323975,2.0
0.2712564766407013,0.13151927292346954,0.21092939376831055,0.027027027681469917,0.7300252914428711,2.0
0.2704310715198517,0.1111111119389534,0.22010724246501923,0.0810810774564743,0.7606775760650635,2.0
0.2891039252281189,0.11791383475065231,0.21855171024799347,0.07207207381725311,0.7073779106140137,2.0
0.26802098751068115,0.1269841343164444,0.22898322343826294,0.054054055362939835,0.6317191123962402,2.0
0.26651307940483093,0.10657596588134766,0.2153959423303604,0.0810810774564743,0.6160063743591309,2.0
0.27679741382598877,0.12471655011177063,0.21010762453079224,0.0810810774564743,0.599292516708374,2.0
0.2806928753852844,0.11337868124246597,0.22115714848041534,0.09009008854627609,0.655646800994873,2.0
0.27099817991256714,0.11564625799655914,0.22219572961330414,0.054054055362939835,0.5915205478668213,2.0
0.2700716257095337,0.1111111119389534,0.2215762436389923,0.06306306272745132,0.7266271114349365,2.0
0.26885929703712463,0.12018140405416489,0.20702913403511047,0.054054055362939835,0.7374420166015625,2.0
0.28112271428108215,0.12018140405416489,0.20554408431053162,0.09009008854627609,0.6877169609069824,2.0
0.2587478458881378,0.1111111119389534,0.2698415219783783,0.10810811072587967,0.7808663845062256,2.0
0.268077552318573,0.10884353518486023,0.21328938007354736,0.0810810774564743,0.7467637062072754,2.0
0.2756302058696747,0.12244898080825806,0.2118726372718811,0.06306306272745132,0.6574728488922119,2.0
0.2618871033191681,0.10204081982374191,0.20580951869487762,0.036036036908626556,0.6961147785186768,2.0
0.2607992887496948,0.10657596588134766,0.21992333233356476,0.09009008854627609,0.6021363735198975,2.0
0.2744545340538025,0.13832199573516846,0.20650070905685425,0.07207207381725311,0.6584010124206543,2.0
0.2733701467514038,0.11791383475065231,0.2042534500360489,0.06306306272745132,0.6461162567138672,2.0
0.26908910274505615,0.1111111119389534,0.2239360362291336,0.0810810774564743,0.7057132720947266,2.0
0.26755768060684204,0.11337868124246597,0.2277548909187317,0.09909909963607788,0.6504571437835693,2.0
0.2810649871826172,0.13605442643165588,0.24585217237472534,0.045045044273138046,0.6662173271179199,2.0
0.2571141719818115,0.13378684222698212,0.21695442497730255,0.0810810774564743,0.5906271934509277,2.0
0.24981682002544403,0.12018140405416489,0.20744165778160095,0.09009008854627609,0.7052187919616699,2.0
0.25822216272354126,0.13378684222698212,0.20337949693202972,0.0810810774564743,0.6561741828918457,2.0
0.279938280582428,0.08843537420034409,0.21502205729484558,0.09009008854627609,0.7548329830169678,2.0
0.27610620856285095,0.11337868124246597,0.19733066856861115,0.06306306272745132,0.8016979694366455,2.0
0.2847353518009186,0.10884353518486023,0.20748533308506012,0.0810810774564743,0.7142608165740967,2.0
0.28318727016448975,0.11791383475065231,0.23697617650032043,0.07207207381725311,0.6798596382141113,2.0
0.27718114852905273,0.12471655011177063,0.21558889746665955,0.07207207381725311,0.6947946548461914,2.0
0.2835780680179596,0.11791383475065231,0.2350553721189499,0.09909909963607788,0.6177082061767578,2.0
0.25737446546554565,0.13378684222698212,0.2267148196697235,0.09009008854627609,0.59971022605896,2.0
0.2668268084526062,0.10657596588134766,0.21162347495555878,0.09009008854627609,0.7130007743835449,2.0
0.28379350900650024,0.10430838912725449,0.19139215350151062,0.07207207381725311,0.8888595104217529,2.0
0.27567461133003235,0.11564625799655914,0.20503674447536469,0.07207207381725311,0.8056254386901855,2.0
0.27533167600631714,0.09750566631555557,0.21656093001365662,0.09009008854627609,0.6187951564788818,2.0
0.2696298360824585,0.13378684222698212,0.20083752274513245,0.09909909963607788,0.6860883235931396,2.0
0.26480451226234436,0.14965985715389252,0.23126819729804993,0.06306306272745132,0.8501067161560059,2.0
0.2573975920677185,0.12925170361995697,0.22749149799346924,0.11711711436510086,0.998417854309082,2.0
0.2748563885688782,0.1111111119389534,0.22074271738529205,0.054054055362939835,0.8291451930999756,2.0
0.2779999375343323,0.1269841343164444,0.23899279534816742,0.06306306272745132,0.7568895816802979,2.0
0.29485827684402466,0.08163265138864517,0.20935511589050293,0.09909909963607788,0.7025613784790039,2.0
0.2703895568847656,0.12925170361995697,0.2055455446243286,0.054054055362939835,0.6895885467529297,2.0
0.2788359224796295,0.13605442643165588,0.20204214751720428,0.09009008854627609,0.5785868167877197,2.0
0.25721123814582825,0.13378684222698212,0.20665986835956573,0.06306306272745132,0.5963289737701416,2.0
0.26883238554000854,0.12244898080825806,0.20275846123695374,0.07207207381725311,0.6681511402130127,2.0
0.25925958156585693,0.14058956503868103,0.1980721652507782,0.07207207381725311,0.8593652248382568,2.0
0.2665913999080658,0.12925170361995697,0.2161083221435547,0.07207207381725311,0.8397207260131836,2.0
0.2642815411090851,0.12018140405416489,0.21487727761268616,0.09009008854627609,0.6648516654968262,2.0
0.26543647050857544,0.12018140405416489,0.2229418009519577,0.054054055362939835,0.779571533203125,2.0
0.2641209065914154,0.12244898080825806,0.2045011669397354,0.0810810774564743,0.6550157070159912,2.0
0.27504849433898926,0.15192744135856628,0.21910689771175385,0.09009008854627609,0.6582951545715332,2.0
0.26853689551353455,0.1269841343164444,0.2100406438112259,0.07207207381725311,0.7739579677581787,2.0
0.2529231607913971,0.13378684222698212,0.2133387178182602,0.054054055362939835,0.6938536167144775,2.0
0.26504018902778625,0.12244898080825806,0.2021583765745163,0.054054055362939835,0.7594258785247803,2.0
0.25917163491249084,0.11564625799655914,0.19331540167331696,0.07207207381725311,0.6357600688934326,2.0
0.27482277154922485,0.11564625799655914,0.20479559898376465,0.09009008854627609,0.6017394065856934,2.0
0.27860119938850403,0.09750566631555557,0.19367365539073944,0.07207207381725311,0.5784392356872559,2.0
0.2626114785671234,0.11791383475065231,0.19569723308086395,0.09009008854627609,0.6306960582733154,2.0
0.2803104817867279,0.10430838912725449,0.21504846215248108,0.09009008854627609,0.6127688884735107,2.0
0.2622377872467041,0.12018140405416489,0.20531517267227173,0.0810810774564743,0.6427288055419922,2.0
0.2678937613964081,0.13378684222698212,0.19577257335186005,0.07207207381725311,0.6578030586242676,2.0
0.2642471492290497,0.11337868124246597,0.2022658884525299,0.10810811072587967,0.6529159545898438,2.0
0.26839005947113037,0.1269841343164444,0.21940284967422485,0.09009008854627609,0.7264702320098877,2.0
0.27363234758377075,0.11564625799655914,0.19392523169517517,0.07207207381725311,0.8057610988616943,2.0
0.26735252141952515,0.09977324306964874,0.20983116328716278,0.0810810774564743,0.7044932842254639,2.0
0.27118945121765137,0.12925170361995697,0.20976223051548004,0.045045044273138046,0.8315896987915039,2.0
0.2824244499206543,0.12018140405416489,0.22408437728881836,0.09009008854627609,1.0126726627349854,2.0
0.2665720283985138,0.1428571492433548,0.23095770180225372,0.09009008854627609,0.7637636661529541,2.0
0.26759073138237,0.12925170361995697,0.20731937885284424,0.0810810774564743,0.6298134326934814,2.0
0.2798088490962982,0.11564625799655914,0.21385398507118225,0.0810810774564743,0.6057353019714355,2.0
0.27385708689689636,0.10430838912725449,0.2015872299671173,0.027027027681469917,0.6865403652191162,2.0
0.2653232216835022,0.10884353518486023,0.21291711926460266,0.0810810774564743,0.7586662769317627,2.0
0.25836238265037537,0.12925170361995697,0.20351043343544006,0.0810810774564743,0.7549855709075928,2.0
0.27418532967567444,0.14739228785037994,0.20273087918758392,0.0810810774564743,0.695880651473999,2.0
0.27175235748291016,0.13378684222698212,0.23102858662605286,0.09009008854627609,0.801389217376709,2.0
0.2669011354446411,0.14739228785037994,0.20381216704845428,0.09909909963607788,0.8694612979888916,2.0
0.26254943013191223,0.13151927292346954,0.2071750909090042,0.07207207381725311,0.7358019351959229,2.0
0.2586171329021454,0.13151927292346954,0.200445294380188,0.0810810774564743,0.7893474102020264,2.0
0.26478707790374756,0.13605442643165588,0.20430797338485718,0.07207207381725311,0.8249552249908447,2.0
0.25627076625823975,0.12925170361995697,0.21138449013233185,0.07207207381725311,0.8590259552001953,2.0
0.26108792424201965,0.13605442643165588,0.21516728401184082,0.06306306272745132,0.8424549102783203,2.0
0.24865376949310303,0.11791383475065231,0.21220552921295166,0.09009008854627609,0.7100913524627686,2.0
0.26722022891044617,0.13378684222698212,0.22118251025676727,0.0810810774564743,0.7473132610321045,2.0
0.2526923418045044,0.14739228785037994,0.21123100817203522,0.07207207381725311,0.7617402076721191,2.0
0.2755484879016876,0.1111111119389534,0.21104003489017487,0.09009008854627609,0.7801485061645508,2.0
0.2581573724746704,0.12244898080825806,0.20972158014774323,0.09909909963607788,0.7668509483337402,2.0
0.2773118317127228,0.13151927292346954,0.20389790832996368,0.045045044273138046,0.717498779296875,2.0
0.2667912542819977,0.10204081982374191,0.20706991851329803,0.06306306272745132,0.8120663166046143,2.0
0.2553815543651581,0.11337868124246597,0.21413874626159668,0.06306306272745132,0.7953176498413086,2.0
0.26321661472320557,0.12244898080825806,0.22267858684062958,0.10810811072587967,0.7863359451293945,2.0
0.26053205132484436,0.13378684222698212,0.21483555436134338,0.0810810774564743,0.7491381168365479,2.0
0.26541778445243835,0.13605442643165588,0.23592263460159302,0.06306306272745132,0.8241221904754639,2.0
0.2524373233318329,0.14058956503868103,0.2214048206806183,0.0810810774564743,0.8900797367095947,2.0
0.26704394817352295,0.13378684222698212,0.19509164988994598,0.07207207381725311,0.625856876373291,2.0
0.26457545161247253,0.10430838912725449,0.20032648742198944,0.09909909963607788,0.6611025333404541,2.0
0.2715893089771271,0.12244898080825806,0.21809789538383484,0.0810810774564743,0.7590179443359375,2.0
0.2556098401546478,0.14512471854686737,0.2070779949426651,0.054054055362939835,0.7103166580200195,2.0
0.2696313261985779,0.12244898080825806,0.2445969432592392,0.054054055362939835,0.690056324005127,2.0
0.27014970779418945,0.12018140405416489,0.21088756620883942,0.0810810774564743,0.7588472366333008,2.0
0.2597655653953552,0.12018140405416489,0.19602686166763306,0.09009008854627609,0.7372872829437256,2.0
0.2590233385562897,0.12471655011177063,0.20863966643810272,0.09909909963607788,0.8084070682525635,2.0
0.25926879048347473,0.12244898080825806,0.20226015150547028,0.11711711436510086,0.8420720100402832,2.0
0.2733960747718811,0.13832199573516846,0.22514836490154266,0.0810810774564743,0.8078594207763672,2.0
0.2571932077407837,0.13605442643165588,0.229277566075325,0.09909909963607788,0.8754613399505615,2.0
0.27703526616096497,0.1269841343164444,0.2220349907875061,0.09909909963607788,0.895409107208252,2.0
0.27468395233154297,0.13378684222698212,0.19485144317150116,0.0810810774564743,0.7911314964294434,2.0
0.24895334243774414,0.13605442643165588,0.20116525888442993,0.0810810774564743,0.8625569343566895,2.0
0.2748165726661682,0.12471655011177063,0.22311489284038544,0.09009008854627609,0.7641017436981201,2.0
0.2781411409378052,0.13378684222698212,0.19432123005390167,0.09909909963607788,0.708634614944458,2.0
0.26428428292274475,0.11337868124246597,0.21199330687522888,0.09009008854627609,0.773857593536377,2.0
0.2586386501789093,0.14512471854686737,0.1945549100637436,0.09909909963607788,0.9281318187713623,2.0
0.2637424170970917,0.13151927292346954,0.21102026104927063,0.09009008854627609,0.7421786785125732,2.0
0.25492703914642334,0.14512471854686737,0.21255262196063995,0.09909909963607788,0.7386221885681152,2.0
0.2611493468284607,0.13605442643165588,0.19859068095684052,0.0810810774564743,1.0643706321716309,2.0
0.26607266068458557,0.1269841343164444,0.21047569811344147,0.09009008854627609,0.8926832675933838,2.0
0.26393553614616394,0.1428571492433548,0.20173850655555725,0.0810810774564743,0.8623776435852051,2.0
0.25910547375679016,0.14965985715389252,0.19471968710422516,0.06306306272745132,0.968055009841919,2.0
0.26335659623146057,0.14965985715389252,0.1948830485343933,0.06306306272745132,0.8233218193054199,2.0
0.2647162973880768,0.12244898080825806,0.2211790531873703,0.07207207381725311,0.7779359817504883,2.0
0.2736276090145111,0.13151927292346954,0.2131248116493225,0.07207207381725311,0.77488112449646,2.0
0.26076510548591614,0.13378684222698212,0.20288345217704773,0.09009008854627609,0.6024901866912842,2.0
0.2486312985420227,0.1269841343164444,0.19915196299552917,0.07207207381725311,0.8917944431304932,2.0
0.25845247507095337,0.1428571492433548,0.20428316295146942,0.09009008854627609,0.7960982322692871,2.0
0.2642771005630493,0.13378684222698212,0.23855635523796082,0.06306306272745132,0.8811018466949463,2.0
0.2682921886444092,0.13605442643165588,0.20555493235588074,0.09009008854627609,0.7974069118499756,2.0
0.27030861377716064,0.11791383475065231,0.20510371029376984,0.0810810774564743,0.8482260704040527,2.0
0.2659505605697632,0.13832199573516846,0.19844761490821838,0.09009008854627609,0.7845394611358643,2.0
0.2604397237300873,0.14965985715389252,0.21899822354316711,0.0810810774564743,0.7713594436645508,2.0
0.25322631001472473,0.13151927292346954,0.2063218355178833,0.0810810774564743,0.7897355556488037,2.0
0.2687731981277466,0.1428571492433548,0.20318497717380524,0.06306306272745132,0.7483360767364502,2.0
0.26239028573036194,0.12471655011177063,0.21320226788520813,0.0810810774564743,0.6573491096496582,2.0
0.2573069930076599,0.1428571492433548,0.2005445957183838,0.09009008854627609,0.7055103778839111,2.0
0.268833726644516,0.11791383475065231,0.22746117413043976,0.09009008854627609,0.6147854328155518,2.0
0.2513794004917145,0.15192744135856628,0.20583385229110718,0.07207207381725311,0.6028859615325928,2.0
0.27428847551345825,0.14965985715389252,0.1904418021440506,0.0810810774564743,0.6553401947021484,2.0
0.2509983479976654,0.13378684222698212,0.19550460577011108,0.0810810774564743,0.6625323295593262,2.0
0.25579988956451416,0.1111111119389534,0.19684858620166779,0.0810810774564743,0.6503326892852783,2.0
0.2461746782064438,0.10884353518486023,0.2212386280298233,0.10810811072587967,0.5745837688446045,2.0
0.25759926438331604,0.13605442643165588,0.2036099135875702,0.0810810774564743,0.6574821472167969,2.0
0.25189927220344543,0.15419501066207886,0.19785986840724945,0.0810810774564743,0.7663130760192871,2.0
0.259363055229187,0.10430838912725449,0.21019791066646576,0.09909909963607788,0.7029938697814941,2.0
0.25762468576431274,0.1428571492433548,0.20065245032310486,0.09909909963607788,0.9352052211761475,2.0
0.25000274181365967,0.1269841343164444,0.19478575885295868,0.06306306272745132,0.7857954502105713,2.0
0.2540649473667145,0.12018140405416489,0.20380540192127228,0.09009008854627609,0.804858922958374,2.0
0.26322901248931885,0.1269841343164444,0.21240608394145966,0.09009008854627609,0.7672038078308105,2.0
0.2684940993785858,0.11791383475065231,0.21938732266426086,0.09909909963607788,0.804912805557251,2.0
0.26485875248908997,0.12018140405416489,0.20366446673870087,0.0810810774564743,0.6754205226898193,2.0
0.267305850982666,0.12018140405416489,0.19769276678562164,0.06306306272745132,0.689976692199707,2.0
0.26066717505455017,0.12018140405416489,0.23410353064537048,0.09909909963607788,0.6761271953582764,2.0
0.25570687651634216,0.12244898080825806,0.21147595345973969,0.054054055362939835,0.6457779407501221,2.0
0.2575664818286896,0.12018140405416489,0.21415236592292786,0.09909909963607788,0.7692937850952148,2.0
0.254128634929657,0.12471655011177063,0.19578656554222107,0.07207207381725311,0.8187050819396973,2.0
0.2572299838066101,0.12471655011177063,0.2157663255929947,0.06306306272745132,0.8954460620880127,2.0
0.26522213220596313,0.12018140405416489,0.23719114065170288,0.06306306272745132,0.7818400859832764,2.0
0.2600732445716858,0.11337868124246597,0.21228931844234467,0.07207207381725311,0.9603967666625977,2.0
0.26188188791275024,0.1428571492433548,0.208853617310524,0.09009008854627609,0.8392128944396973,2.0
0.25736454129219055,0.1428571492433548,0.20970532298088074,0.09009008854627609,0.8296935558319092,2.0
0.2540130317211151,0.13832199573516846,0.19272381067276,0.09009008854627609,0.7520895004272461,2.0
0.2671712636947632,0.11791383475065231,0.2091168761253357,0.045045044273138046,0.6432807445526123,2.0
0.2667202651500702,0.13605442643165588,0.20400157570838928,0.054054055362939835,0.685279130935669,2.0
0.2593756318092346,0.11791383475065231,0.21474426984786987,0.06306306272745132,0.6884949207305908,2.0
0.2538680136203766,0.1269841343164444,0.1901749074459076,0.0810810774564743,0.7023015022277832,2.0
0.2537318766117096,0.13832199573516846,0.20231890678405762,0.09909909963607788,0.877518892288208,2.0
0.24839740991592407,0.1269841343164444,0.2176332324743271,0.09009008854627609,0.8405265808105469,2.0
0.26913776993751526,0.13605442643165588,0.19390276074409485,0.0810810774564743,0.8096389770507812,2.0
0.2568875551223755,0.12244898080825806,0.21032774448394775,0.07207207381725311,0.8195521831512451,2.0
0.2652306854724884,0.14512471854686737,0.22042380273342133,0.06306306272745132,0.8165042400360107,2.0
0.259988397359848,0.1269841343164444,0.1994391232728958,0.09009008854627609,0.7918829917907715,2.0
0.25671014189720154,0.14965985715389252,0.20982667803764343,0.09909909963607788,0.7826571464538574,2.0
0.25776010751724243,0.11564625799655914,0.21726179122924805,0.06306306272745132,0.8029978275299072,2.0
0.2483314424753189,0.11791383475065231,0.20014840364456177,0.11711711436510086,0.7549552917480469,2.0
0.2521645128726959,0.12925170361995697,0.1924182027578354,0.09009008854627609,0.729710578918457,2.0
0.2564118802547455,0.11791383475065231,0.20172372460365295,0.0810810774564743,0.6998236179351807,2.0
0.2727859318256378,0.13832199573516846,0.20112702250480652,0.07207207381725311,0.6611754894256592,2.0
0.2626911699771881,0.12471655011177063,0.20931276679039001,0.09009008854627609,0.6947157382965088,2.0
0.25482550263404846,0.12925170361995697,0.21289275586605072,0.0810810774564743,0.7284636497497559,2.0
0.2631728947162628,0.12244898080825806,0.20086245238780975,0.09909909963607788,0.7268779277801514,2.0
0.2712628245353699,0.13151927292346954,0.21014389395713806,0.07207207381725311,0.8065245151519775,2.0
0.27831900119781494,0.13378684222698212,0.20074577629566193,0.09909909963607788,0.7727491855621338,2.0
0.25537243485450745,0.1269841343164444,0.23121793568134308,0.06306306272745132,0.8154087066650391,2.0
0.26630592346191406,0.12244898080825806,0.22915267944335938,0.09009008854627609,0.7427339553833008,2.0
0.2566232979297638,0.13605442643165588,0.19005729258060455,0.0810810774564743,0.7333667278289795,2.0
0.26081228256225586,0.13832199573516846,0.20303300023078918,0.07207207381725311,0.7142698764801025,2.0
0.2483099102973938,0.13378684222698212,0.20750945806503296,0.09909909963607788,0.6961023807525635,2.0
0.27019721269607544,0.13151927292346954,0.23456566035747528,0.09009008854627609,0.6342551708221436,2.0
0.27163374423980713,0.11791383475065231,0.20146816968917847,0.09009008854627609,0.6798651218414307,2.0
0.2668353021144867,0.14739228785037994,0.20871271193027496,0.07207207381725311,0.6091060638427734,2.0
0.25629132986068726,0.12018140405416489,0.2068641483783722,0.07207207381725311,0.6554336547851562,2.0
0.2535063624382019,0.13605442643165588,0.20440906286239624,0.0810810774564743,0.6312360763549805,2.0
0.2400377094745636,0.15419501066207886,0.21509309113025665,0.0810810774564743,0.6447865962982178,2.0
0.26088857650756836,0.12018140405416489,0.20325356721878052,0.09909909963607788,0.6098959445953369,2.0
0.2622379660606384,0.14739228785037994,0.2025953233242035,0.0810810774564743,0.6645762920379639,2.0
0.26220136880874634,0.12925170361995697,0.21077238023281097,0.09009008854627609,0.6962807178497314,2.0
0.2607552111148834,0.11337868124246597,0.19648458063602448,0.09009008854627609,0.6912977695465088,2.0
0.2599261403083801,0.14512471854686737,0.21184709668159485,0.09009008854627609,0.7099800109863281,2.0
0.24476732313632965,0.1428571492433548,0.21634431183338165,0.09909909963607788,0.6862442493438721,2.0
0.2434132844209671,0.12925170361995697,0.19903621077537537,0.036036036908626556,0.6974124908447266,2.0
0.25254887342453003,0.13832199573516846,0.2222396284341812,0.06306306272745132,0.7201375961303711,2.0
0.26404404640197754,0.14965985715389252,0.2040044218301773,0.09009008854627609,0.6046247482299805,2.0
0.24591974914073944,0.12925170361995697,0.1978847235441208,0.0810810774564743,0.6659910678863525,2.0
0.26657289266586304,0.1428571492433548,0.2030339241027832,0.06306306272745132,0.5945422649383545,2.0
0.2626039981842041,0.13378684222698212,0.2068937122821808,0.09009008854627609,0.5833165645599365,2.0
0.2628900110721588,0.12925170361995697,0.21379980444908142,0.0810810774564743,0.5788402557373047,2.0
0.2530166804790497,0.14512471854686737,0.19849923253059387,0.06306306272745132,0.6591532230377197,2.0
0.26541411876678467,0.14512471854686737,0.20497946441173553,0.09909909963607788,0.6066155433654785,2.0
0.26471441984176636,0.13832199573516846,0.21516355872154236,0.07207207381725311,0.7222268581390381,2.0
0.25762051343917847,0.13832199573516846,0.20116612315177917,0.0810810774564743,0.6780755519866943,2.0
0.2469334751367569,0.14739228785037994,0.21772359311580658,0.0810810774564743,0.7137796878814697,2.0
0.247526153922081,0.13832199573516846,0.21801543235778809,0.06306306272745132,0.7044987678527832,2.0
0.26609131693840027,0.12925170361995697,0.22590236365795135,0.0810810774564743,0.7035019397735596,2.0
0.2722833752632141,0.09070295095443726,0.21168752014636993,0.06306306272745132,0.6925134658813477,2.0
0.2519485652446747,0.12471655011177063,0.2201416939496994,0.0810810774564743,0.7375397682189941,2.0
0.2727920114994049,0.13378684222698212,0.19328634440898895,0.09909909963607788,0.6680073738098145,2.0
0.25785887241363525,0.13151927292346954,0.201669842004776,0.09009008854627609,0.6003587245941162,2.0
